"Language Code","Language Name","Title (<= 30 chars)","Short Description (<= 80 chars)","Full Description (<= 4000 chars)"
"en-US","English (United States)","Calyx: Cycle & Hormone Sync","Private cycle tracking, circadian rhythm sync, and biomarker insights.","Calyx is an offline-first, privacy-focused menstrual cycle and circadian rhythm companion designed to help you understand your body and optimize your daily energy.

CIRCADIAN & CYCLE SYNCHRONIZATION
Track where you are across the four natural phases of your cycle:
• Menstrual Phase: Rest, cellular renewal, and metabolic recovery
• Follicular Phase: Rising estrogen, vitality, creativity, and stamina
• Ovulatory Peak: Maximum energy, verbal communication, and confidence
• Luteal Phase: Progesterone focus, steady endurance, and mindful nutrition

DAILY BIOMARKER LOGGING
Record essential health signals in seconds:
• Flow volume and cycle dates
• Basal Body Temperature (BBT) and thermal shift tracking
• Heart Rate Variability (HRV) and nervous system recovery
• Sleep duration, rest quality, and energy fluctuations
• Mood states, symptom patterns, and physical sensations

PERSONALIZED HORMONAL GUIDANCE
Access tailored wellness protocols tailored to your current phase:
• Athletic Training: Match cardio strain and strength workouts to hormonal shifts
• Phase Nutrition: Nutrient-dense foods supporting metabolic balance
• Sleep Optimization: Circadian habits to deepen restorative rest
• Daily Vitality Tips: Evidence-informed lifestyle recommendations

SYMPTOM DETECTIVE
Identify cross-cycle trends and potential symptom triggers. Analyze multi-variable correlations between sleep deficiency, basal temperature spikes, and discomfort patterns to uncover actionable lifestyle changes.

CLINICAL REPORT & DOCTOR EXPORT
Prepare for your next OB-GYN, endocrinologist, or fertility specialist visit:
• Generate comprehensive A4 medical-grade PDF summaries
• Review biphasic temperature shifts and cycle regularity metrics
• Complete physician summary transcripts ready for clinical review

HAVEN SECURITY VAULT
Your reproductive privacy is uncompromising:
• Local-Only Storage: All health data remains strictly on your device
• Zero Cloud Tracking: No central servers, data brokers, or advertising trackers
• Biometric & PIN Protection: Secure your sensitive records with device security
• Decoy Vault Protocol: An optional secondary PIN unlocks an authentic local weather dashboard for discrete privacy under duress
• Instant Local Wipe: Erase all data permanently at any time

WELLNESS DISCLAIMER
Calyx is designed for personal health awareness, wellness tracking, and educational purposes. It is not intended as medical advice, diagnostic tool, treatment, or contraceptive method. Consult a qualified medical practitioner for healthcare decisions."
"ar","Arabic","Calyx: تتبع الدورة والهرمونات","تتبع خاص للدورة الشهرية والمؤشرات الحيوية مع حماية الخصوصية الكاملة.","تطبيق Calyx هو رفيقك لمزامنة الدورة الشهرية والوتيرة اليومية، مصمم لمساعدتك على فهم جسمك وتنسيق طاقتك بخصوصية تامة.

مزامنة مراحل الدورة
تابعي موقعك ضمن المراحل الهرمونية الطبيعية الأربع:
• مرحلة الطمث: الراحة، تجديد النشاط الخلوي، والتعافي الأيضي
• المرحلة الجريبية: ارتفاع الإستروجين، الحيوية، الإبداع والقدرة على التحمل
• مرحلة التبويض: ذروة الطاقة، وضوح التعبير، والتواصل الاجتماعي
• المرحلة الأصفرية: التركيز، التحمل الثابت، والعناية الغذائية المدروسة

تسجيل المؤشرات الحيوية اليومية
سجلي إشارات جسمك الأساسية بسهولة:
• كمية التدفق ومواعيد الدورة الشهرية
• درجة حرارة الجسم الأساسية ومتابعة الارتفاع الحراري
• تقلب معدل ضربات القلب والتعافي العصبي
• ساعات النوم وجودة الراحة وتذبذب مستويات الطاقة
• الحالة المزاجية، الأعراض الجسدية، والملاحظات المشفرة

إرشادات هرمونية مخصصة
احصلي على إرشادات متناغمة مع مرحلتك الحالية:
• التدريب الرياضي: مواءمة تمارين القوة والكارديو مع الدورة
• التغذية المرحلية: أطعمة غنية تدعم التوازن الهرموني
• تحسين النوم: عادات تدعم النوم العميق
• نصائح الحيوية: إرشادات مستندة إلى مبادئ الصحة والراحة

مكتشف الأعراض
استكشفي الارتباطات بين قلة النوم والحرارة الأساسية وتغيرات المزاج لاكتشاف العوامل المؤثرة على راحتك.

التقارير السريرية وتصدير الملفات
جهزي مراجعتك الطبية بسهولة:
• تصدير ملخص PDF سريري مفصل بصيغة A4
• استعراض منحنيات الحرارة ونمط انتظام الدورة

خزنة الأمان HAVEN
حماية تامة لبياناتك الشخصية:
• تخزين محلي بالكامل دون خوادم سحابية
• قفل بيومتري وبرمز PIN
• وضع التمويه برمز PIN يعرض لوحة طقس لحمايتك في حالات الضغط
• مسح فوري لكافة السجلات متى أردت

إخلاء مسؤولية
تطبيق Calyx مخصص لأغراض التوعية الصحية والعافية الشخصية، ولا يُعد بديلاً عن الاستشارة الطبية أو وسيلة لمنع الحمل."
"bn","Bengali","Calyx: মাসিক ও হরমোন ট্র্যাকার","ব্যক্তিগত মাসিক চক্র ট্র্যাকিং, বায়োমার্কার বিশ্লেষণ এবং গোপনীয়তা সুরক্ষা।","Calyx হলো অফলাইন-ফার্স্ট, গোপনীয়তা-সুরক্ষিত মাসিক চক্র এবং বায়োরিদম ট্র্যাকার, যা আপনাকে আপনার শরীরের হরমোন পরিবর্তনের সাথে দৈনন্দিন শক্তি সমন্বয় করতে সাহায্য করে।

মাসিক চক্রের চার পর্যায় সমন্বয়
• মাসিক পর্যায়: বিশ্রাম, কোষের পুনরুজ্জীবন ও বিপাকীয় পুনরুদ্ধার
• ফলিকুলার পর্যায়: শক্তি বৃদ্ধি, সৃজনশীলতা ও উদ্যম
• ওভুলেটরি শীর্ষ: সর্বোচ্চ কর্মক্ষমতা ও আত্মবিশ্বাস
• লুটিয়াল পর্যায়: একাগ্রতা, স্থির সহনশীলতা ও পুষ্টি সচেতনতা

দৈনিক বায়োমার্কার লগিং
• রক্তপ্রবাহের মাত্রা এবং চক্রের তারিখ
• বেসাল বডি টেম্পারেচার (BBT) ট্র্যাকিং
• হার্ট রেট ভ্যারিয়েবিলিটি (HRV) ও স্নায়ুতন্ত্রের পুনরুদ্ধার
• ঘুমের সময় এবং শক্তির ওঠানামা
• মেজাজ, শারীরিক লক্ষণ এবং ব্যক্তিগত নোট

হরমোন অনুযায়ী ব্যক্তিগত পরামর্শ
• ব্যায়াম ও শারীরিক কসরতের সঠিক সমন্বয়
• প্রতিটি পর্যায়ের জন্য উপযুক্ত পুষ্টিকর খাবার
• পর্যাপ্ত ও গভীর ঘুমের অভ্যাস
• স্বাস্থ্যকর জীবনযাপনের পরামর্শ

লক্ষণ অনুসন্ধান ও ডায়াগনস্টিক
ঘুমের অভাব, শরীরের তাপমাত্রা এবং অস্বস্তির মধ্যকার পারস্পরিক সম্পর্ক শনাক্ত করে সঠিক জীবনযাত্রা বেছে নিন।

মেডিকেল রিপোর্ট ও পিডিএফ এক্সপোর্ট
চিকিৎসক বা গাইনিকোলজিস্টের সাথে পরামর্শের জন্য প্রস্তুত করুন মেডিকেল-গ্রেড A4 পিডিএফ রিপোর্ট।

হেভেন সিকিউরিটি ভল্ট
• সম্পূর্ণ স্থানীয় ডিভাইসে ডেটা সংরক্ষণ (কোনো ক্লাউড সার্ভার নেই)
• বায়োমেট্রিক ও পিন সুরক্ষা
• জরুরি পরিস্থিতিতে ডিকয় পিন দিয়ে আবহাওয়া ড্যাশবোর্ড খোলার সুবিধা
• যেকোনো সময় এক ক্লিকে সমস্ত ডেটা স্থায়ীভাবে মুছে ফেলার সুবিধা

স্বাস্থ্য দাবিত্যাগ
Calyx শুধুমাত্র স্বাস্থ্য সচেতনতা ও জীবনযাপনের সুবিধার জন্য তৈরি। এটি চিকিৎসকের বিকল্প বা গর্ভনিরোধক পদ্ধতি নয়।"
"cs","Czech","Calyx: Sledování cyklu a těla","Soukromé sledování menstruačního cyklu, biomarkerů a tělesné teploty.","Calyx je offline aplikace zaměřená na ochranu soukromí pro sledování menstruačního cyklu a cirkadiánních rytmů, která vám pomůže lépe porozumět svému tělu.

FÁZE MENSTRUAČNÍHO CYKLU
• Menstruační fáze: Regenerace, odpočinek a buněčná obnova
• Folikulární fáze: Růst energie, kreativity a fyzické vytrvalosti
• Ovulační fáze: Vrchol vitality, sebevědomí a verbální komunikace
• Luteální fáze: Soustředění, vyrovnanost a stabilní tempo

DENNÍ ZÁZNAM BIOMARKERŮ
• Intenzita krvácení a dny periody
• Bazální tělesná teplota (BBT) a teplotní posun
• Variabilita srdeční frekvence (HRV) a regenerace nervové soustavy
• Délka a kvalita spánku, hladina energie
• Nálada, fyzické symptomy a soukromé poznámky

HORMONÁLNÍ DOPORUČENÍ
• Přizpůsobení tréninku podle hormonální fáze
• Fázová výživa podporující hormonální rovnováhu
• Spánková hygiena pro hlubokou regeneraci

DETEKTOR SYMPTOMŮ
Hledejte souvislosti mezi nedostatkem spánku, teplotními výkyvy a fyzickým diskomfortem napříč cykly.

LÉKAŘSKÝ REPORT A EXPORT
• Generování přehledného lékařského souhrnu ve formátu A4 PDF
• Podklad pro vašeho gynekologa nebo endokrinologa

BEZPEČNOSTNÍ TREZOR HAVEN
• Úložiště pouze v zařízení: Žádné cloudové servery ani reklamní trackery
• Biometrické ověření a PIN kód
• Falešný PIN (Decoy): Otevře neutrální obrazovku s počasím pro ochranu soukromí
• Okamžité smazání všech dat jedním dotykem

UPOZORNĚNÍ
Aplikace Calyx slouží pouze k osobnímu sledování životního stylu. Nenahrazuje odbornou lékařskou péči ani antikoncepci."
"da","Danish","Calyx: Cyklus & Hormonbalance","Privat cyklussporing, biomarkører og døgnrytme med fuld databeskyttelse.","Calyx er en offline-først, privatlivsfokuseret app til sporing af menstruationscyklus og døgnrytme, der hjælper dig med at forstå kroppens signaler.

CYKLUS- OG DØGNRYTMESYNKRONISERING
• Menstruationsfase: Hvile, restitution og metabolisk genopbygning
• Follikulærfase: Stigende østrogen, vitalitet og kreativitet
• Ægløsningsfase: Maksimal energi, selvtillid og social kontakt
• Lutealfase: Fokus, udholdenhed og næringsrig kost

DAGLIG REGISTRERING AF BIOMARKØRER
• Blødningsintensitet og cyklusdatoer
• Basaltemperatur (BBT) og termisk skift
• Hjerterytmevariabilitet (HRV) og restitution
• Søvnlængde, energisvingninger og humør
• Fysiske symptomer og private notater

PERSONLIG VEJLEDNING
• Træning tilpasset hormonelle udsving
• Kostvalg der støtter hormonbalancen
• Søvnoptimering og velvære

SYMPTOMDETEKTIV
Opdag mønstre på tværs af cyklusser mellem søvnmangel, temperaturændringer og ubehag.

KLINISK RAPPORT OG PDF-EKSPORT
• Opret overskuelige medicinske A4 PDF-rapporter til din læge eller gynækolog
• Viser temperaturkurver og cyklusregelmæssighed

HAVEN SIKKERHEDSHVÆLV
• Kun lokal lagring uden cloud-servere
• Biometri og PIN-kode
• Aflednings-PIN (Decoy): Viser en vejrmenu for diskret beskyttelse
• Øjeblikkelig sletning af alle data

ANSVARSFRASKRIVELSE
Calyx er et værktøj til personligt velbefindende og sundhedsbevidsthed. Appen er ikke medicinsk rådgivning eller prævention."
"de","German","Calyx: Zyklus & Hormon-Sync","Privates Zyklustracking, Biomarker-Analyse und hormonelle Tagesrhythmen.","Calyx ist ein offline-fähiger, datenschutzorientierter Zyklus- und Biorhythmus-Begleiter, der Ihnen hilft, die Signale Ihres Körpers optimal zu verstehen.

ZYKLUS- & ZIRKADIANE SYNCHRONISATION
Verfolgen Sie Ihre vier natürlichen Zyklusphasen:
• Menstruationsphase: Ruhe, zelluläre Regeneration und Erholung
• Follikelphase: Steigendes Östrogen, Vitalität, Kreativität und Ausdauer
• Ovulationsphase: Energiehöhepunkt, Kommunikationsstärke und Klarheit
• Lutealphase: Progesteronfokus, stabile Belastbarkeit und achtsame Ernährung

TÄGLICHE BIOMARKER-PROTOKOLLIERUNG
• Blutungsstärke und Zyklustermine
• Basaltemperatur (BBT) und Erfassung des Temperaturanstiegs
• Herzfrequenzvariabilität (HRV) und Erholung des Nervensystems
• Schlafdauer, Erholungsqualität und Energieschwankungen
• Stimmungslagen, körperliche Empfindungen und verschlüsselte Notizen

INDIVIDUELLE HORMONELLE EMPFEHLUNGEN
• Trainingssteuerung: Ausdauer- und Krafttraining passend zur Hormonlage
• Phasenernährung: Nährstoffreiche Kost zur Unterstützung der Balance
• Schlafoptimierung: Routinen für tiefe Regeneration

SYMPTOM-DETEKTIV
Analysieren Sie zyklusübergreifende Zusammenhänge zwischen Schlafmangel, Temperaturschwankungen und Beschwerden.

KLINISCHER BERICHT & ARZT-EXPORT
Bereiten Sie Arztbesuche strukturiert vor:
• Medizinischer A4-PDF-Export für Gynäkologen und Endokrinologen
• Grafische Basaltemperaturkurven und Zyklusregelmäßigkeit

HAVEN SICHERHEITS-TRESOR
• Lokale Speicherung ohne Cloud-Server
• Schutz durch Biometrie und PIN
• Tarn-PIN (Decoy Mode): Zeigt im Bedarfsfall eine Wetter-Übersicht an
• Vollständige Datenlöschung mit einem Klick

HINWEIS
Calyx dient dem persönlichen Wohlbefinden und der Zyklusbeobachtung. Es ersetzt weder ärztliche Diagnose noch Empfängnisverhütung."
"el","Greek","Calyx: Παρακολούθηση κύκλου","Ιδιωτική παρακολούθηση εμμηνορροϊκού κύκλου και ανάλυση βιοδεικτών.","Το Calyx είναι μια εφαρμογή παρακολούθησης του εμμηνορροϊκού κύκλου και των κιρκάδιων ρυθμών με απόλυτο σεβασμό στην ιδιωτικότητα.

ΣΥΓΧΡΟΝΙΣΜΟΣ ΦΑΣΕΩΝ ΚΥΚΛΟΥ
• Εμμηνορροϊκή φάση: Ανάπαυση, κυτταρική ανανέωση και αποκατάσταση
• Ωοθυλακική φάση: Αύξηση οιστρογόνων, ζωτικότητα και δημιουργικότητα
• Φάση ωορρηξίας: Κορύφωση ενέργειας, αυτοπεποίθηση και επικοινωνία
• Ωχρινική φάση: Συγκέντρωση, σταθερή αντοχή και κατάλληλη διατροφή

ΚΑΘΗΜΕΡΙΝΗ ΚΑΤΑΓΡΑΦΗ ΒΙΟΔΕΙΚΤΩΝ
• Ροή και ημερομηνίες περιόδου
• Βασική θερμοκρασία σώματος (BBT)
• Μεταβλητότητα καρδιακού ρυθμού (HRV)
• Ύπνος, επίπεδα ενέργειας, διάθεση και συμπτώματα

ΕΞΑΤΟΜΙΚΕΥΜΕΝΗ ΚΑΘΟΔΗΓΗΣΗ
• Προσαρμογή προπόνησης ανά φάση
• Διατροφή για ορμονική ισορροπία
• Βελτιστοποίηση ύπνου

ΚΛΙΝΙΚΗ ΑΝΑΦΟΡΑ & ΕΞΑΓΩΓΗ PDF
Δημιουργήστε ιατρική αναφορά A4 PDF για τον γυναικολόγο ή τον ενδοκρινολόγο σας.

ΑΣΦΑΛΕΙΑ HAVEN
• Αποκλειστικά τοπική αποθήκευση στη συσκευή σας
• Βιομετρικό κλείδωμα και PIN
• Παραπλανητικό PIN (Decoy) για προστασία υπό πίεση
• Άμεση και οριστική διαγραφή δεδομένων

ΑΠΟΠΟΙΗΣΗ ΕΥΘΥΝΗΣ
Το Calyx προορίζεται για ενημέρωση και ευεξία. Δεν αποτελεί ιατρική συμβουλή ή μέθοδο αντισύλληψης."
"es-ES","Spanish","Calyx: Ciclo y Salud Hormonal","Seguimiento privado del ciclo menstrual, biomarcadores y ritmo circadiano.","Calyx es un compañero de salud menstrual y ritmo circadiano diseñado con privacidad absoluta y almacenamiento local para ayudarte a entender los ritmos de tu cuerpo.

SINCRONIZACIÓN DE FASES DEL CICLO
Conoce en qué momento te encuentras dentro de las cuatro fases naturales:
• Fase Menstrual: Descanso, renovación celular y recuperación metabólica
• Fase Folicular: Incremento de estrógenos, vitalidad, creatividad y resistencia
• Pico Ovulatorio: Máxima energía, fluidez verbal y seguridad
• Fase Lútea: Progesterona, enfoque, resistencia constante y nutrición consciente

REGISTRO DIARIO DE BIOMARCADORES
Registra tus señales vitales en segundos:
• Volumen de flujo y fechas del periodo
• Temperatura Basal Corporal (TBC) y seguimiento del cambio térmico
• Variabilidad de la Frecuencia Cardíaca (VFC) y descanso del sistema nervioso
• Horas de sueño, calidad del descanso y niveles de energía
• Estado de ánimo, síntomas físicos y notas privadas cifradas

ORIENTACIÓN HORMONAL PERSONALIZADA
Accede a recomendaciones adaptadas a tu fase actual:
• Entrenamiento: Ajusta las sesiones de fuerza y cardio según tus hormonas
• Nutrición por fases: Alimentos densos en nutrientes para el equilibrio metabólico
• Sueño reparador: Hábitos circadianos para profundizar el descanso

DETECTIVE DE SÍNTOMAS
Identifica patrones entre ciclos y posibles detonantes de malestar cruzando datos de descanso, picos de temperatura basal y síntomas físicos.

INFORME CLÍNICO Y EXPORTACIÓN PDF
Prepara tus consultas con el ginecólogo o especialista:
• Genera informes clínicos completos en formato A4 PDF
• Curvas de temperatura basal y análisis de regularidad del ciclo

BÓVEDA DE SEGURIDAD HAVEN
Tu privacidad reproductiva es innegociable:
• Almacenamiento local exclusivo: Sin servidores en la nube ni rastreadores
• Bloqueo biométrico y código PIN
• Protocolo de PIN señuelo (Decoy): Muestra un panel de clima auténtico ante situaciones de coacción
• Borrado local inmediato de todos los registros

AVISO DE SALUD
Calyx está diseñado para el bienestar y conocimiento personal. No constituye asesoramiento médico, diagnóstico ni método anticonceptivo."
"fi","Finnish","Calyx: Kierto & Hormonit","Yksityinen kuukautiskierron seuranta ja biomerkkiaineiden analyysi.","Calyx on täysin laitteessasi toimiva, yksityisyyttä kunnioittava kuukautiskierron ja vuorokausirytmin seurantasovellus.

KIERTYVÄT VAIHEET
• Kuukautisvaihe: Lepo, solujen uusiutuminen ja palautuminen
• Follikulaarivaihe: Estrogeenin nousu, elinvoima ja luovuus
• Ovulaatiovaihe: Energian huippu, sosiaalisuus ja itsevarmuus
• Luteaalivaihe: Keskittyminen, tasainen kestävyys ja ravitsemus

PÄIVITTÄISET BIOMERKKIAINEET
• Vuodon määrä ja kierron päivät
• Peruslämpötila (BBT) ja lämpötilan nousun seuranta
• Sykevälivaihtelu (HRV) ja hermoston palautuminen
• Uni, energiataso, mieliala ja fyysiset oireet

HORMONAALINEN OPAS
• Harjoittelu hormonivaiheiden mukaan
• Vaiheravitsemus hormonitasapainon tueksi
• Syvän unen optimointi

LÄÄKÄRIRAPORTTI JA PDF-VIENTI
Luo lääkärikäyntejä varten A4-kokoinen PDF-yhteenveto lämpökäyrillä.

HAVEN-TURVAHOLVI
• Vain paikallinen tallennus ilman pilvipalvelimia
• Biometrinen lukitus ja PIN-koodi
• Valekoodi (Decoy PIN): Avaa neutraalin säänäkymän suojataksesi tietojasi
• Kaikkien tietojen nopea poisto

VASTUUVAPAUSLAUSEKE
Calyx on tarkoitettu hyvinvoinnin ja henkilökohtaisen terveyden seurantaan. Se ei ole lääketieteellinen laite tai ehkäisyväline."
"fr-FR","French","Calyx: Suivi Cycle & Hormones","Suivi privé du cycle menstruel, biomarqueurs et équilibre circadien.","Calyx est une application de suivi du cycle menstruel et des rythmes circadiens, pensée pour préserver votre vie privée et vous aider à vous synchroniser avec votre corps.

SYNCHRONISATION DES PHASES DU CYCLE
Suivez votre évolution à travers les quatre phases naturelles :
• Phase menstruelle : Repos, renouvellement cellulaire et récupération
• Phase folliculaire : Montée des œstrogènes, énergie, créativité et dynamisme
• Pic ovulatoire : Énergie maximale, clarté d'expression et confiance
• Phase lutéale : Action de la progestérone, endurance et alimentation adaptée

JOURNAL QUOTIDIEN DES BIOMARQUEURS
Enregistrez vos signaux vitaux facilement :
• Flux menstruel et dates de cycle
• Température basale corporelle (TBC) et décalage thermique
• Variabilité de la fréquence cardiaque (VFC) et récupération nerveuse
• Durée du sommeil, niveau d'énergie et variations de l'humeur
• Symptômes physiques et notes personnelles chiffrées

CONSEILS HORMONAUX PERSONNALISÉS
Des recommandations adaptées à chaque étape de votre cycle :
• Entraînement : Ajustez vos séances de renforcement et de cardio
• Nutrition cyclique : Aliments soutenant l'équilibre métabolique
• Sommeil : Habitudes pour favoriser un repos réparateur

DÉTECTIVE DES SYMPTÔMES
Identifiez les corrélations entre la dette de sommeil, les fluctuations thermiques et vos sensations physiques.

RAPPORT CLINIQUE ET EXPORT PDF
Préparez vos rendez-vous médicaux avec précision :
• Exportez un résumé médical A4 complet au format PDF
• Analyse des courbes thermiques et de la régularité du cycle

COFFRE-FORT DE SÉCURITÉ HAVEN
La confidentialité de vos données est absolue :
• Stockage exclusivement local sur votre appareil
• Protection par biométrie et code PIN
• Code PIN leurre (Decoy) : Ouvre un écran météo discret en cas de contrainte
• Effacement instantané et définitif de vos données

AVERTISSEMENT
Calyx est destiné au bien-être et au suivi personnel. Il ne constitue pas un avis médical, un outil de diagnostic ni une méthode contraceptive."
"he","Hebrew","Calyx: מעקב מחזור והורמונים","מעקב פרטי אחר מחזור חודשי, מדדים ביולוגיים ואבטחה מקומית מלאה.","Calyx הינה אפליקציה למעקב אחר מחזור חודשי וקצב ביולוגי הפועלת באופן מקומי לשמירה מלאה על פרטיותך.

סנכרון שלבי המחזור
• שלב הווסת: מנוחה, התחדשות תאית והתאוששות
• השלב הפוליקולרי: עליית אסטרוגן, חיוניות ויצירתיות
• שיא הביוץ: אנרגיה מרבית, ביטחון ותקשורת
• השלב הלוטאלי: מיקוד, סיבולת ותזונה תומכת

מעקב מדדים יומי
• עוצמת הדימום ותאריכי מחזור
• חום שחר (BBT) ומעקב עלייה תרמית
• שונות קצב הלב (HRV) והתאוששות
• שעות שינה, רמות אנרגיה ומצבי רוח
• תסמינים פיזיים והערות מוצפנות

הדרכה הורמונלית מותאמת
• אימוני ספורט בהתאמה לשלב ההורמונלי
• תזונה תומכת איזון גופני
• שיפור הרגלי שינה

דוח רפואי ויצוא PDF
הפקת דוח רפואי מסודר בפורמט A4 להצגה בפני רופא נשים.

כספת האבטחה HAVEN
• אחסון מקומי בלבד ללא שרתים חיצוניים
• נעילה ביומטרית וקוד PIN
• קוד הסוואה (Decoy PIN): פותח תחזית מזג אוויר להגנה
• מחיקה מלאה של המידע בכל עת

הבהרה בריאותית
Calyx נועדה למעקב אישי ומודעות בריאותית בלבד. אינה מהווה ייעוץ רפואי או אמצעי מניעה."
"hi","Hindi","Calyx: मासिक धर्म व हार्मोन","निजी मासिक धर्म ट्रैकिंग, बायोमार्कर विश्लेषण और पूर्ण डेटा सुरक्षा।","Calyx एक ऑफलाइन और पूर्णतः सुरक्षित मासिक धर्म चक्र एवं शारीरिक लय ट्रैकर है जो आपको आपके शरीर और ऊर्जा को समझने में मदद करता है।

मासिक धर्म के चार चरण
• मासिक धर्म चरण: विश्राम, ऊर्जा पुनर्प्राप्ति और शारीरिक आराम
• फॉलिक्युलर चरण: एस्ट्रोजन में वृद्धि, स्फूर्ति और नई ऊर्जा
• ओव्यूलेटरी शिखर: उच्चतम ऊर्जा, आत्मविश्वास और स्पष्टता
• ल्यूटियल चरण: एकाग्रता, स्थिरता और संतुलित खानपान

दैनिक बायोमार्कर ट्रैकिंग
• रक्त प्रवाह की मात्रा और चक्र की तारीखें
• बेसल बॉडी टेम्परेचर (BBT) और तापमान बदलाव
• हृदय गति परिवर्तनशीलता (HRV) और तंत्रिका तंत्र की स्थिति
• नींद के घंटे, ऊर्जा स्तर, मनोदशा और शारीरिक लक्षण

व्यक्तिगत हार्मोनल मार्गदर्शन
• हार्मोनल चरणों के अनुसार व्यायाम और फिटनेस
• शरीर के संतुलन के लिए पौष्टिक आहार
• गहरी और आरामदायक नींद के सुझाव

लक्षण पहचान और विश्लेषण
नींद की कमी, शरीर के तापमान और लक्षणों के बीच संबंध समझें।

डॉक्टर सारांश और पीडीएफ एक्सपोर्ट
स्त्री रोग विशेषज्ञ से परामर्श हेतु A4 साइज में विस्तृत पीडीएफ रिपोर्ट बनाएं।

सुरक्षा वॉल्ट HAVEN
• डेटा केवल आपके डिवाइस में सुरक्षित (कोई क्लाउड सर्वर नहीं)
• बायोमेट्रिक और पिन सुरक्षा
• डिकॉय पिन: दबाव की स्थिति में मौसम का दृश्य दिखाता है
• किसी भी समय सारा डेटा स्थायी रूप से मिटाने की सुविधा

अस्वीकरण
Calyx केवल व्यक्तिगत जागरूकता और स्वास्थ्य ट्रैकिंग के लिए है। यह कोई चिकित्सीय सलाह या गर्भनिरोधक साधन नहीं है।"
"hu","Hungarian","Calyx: Ciklus és Hormonkövető","Privát menstruációs cikluskövetés, biomarkerek és cirkadián ritmus.","A Calyx egy offline működésű, adatvédelemre fókuszáló menstruációs ciklus- és cirkadián ritmuskövető alkalmazás.

CIKLUSFÁZISOK SZINKRONIZÁCIÓJA
• Menstruációs fázis: Pihenés, sejtszintű megújulás és regeneráció
• Follikuláris fázis: Emelkedő ösztrogén, vitalitás és állóképesség
• Ovulációs csúcs: Maximális energiaszint, magabiztosság és nyitottság
• Luteális fázis: Fókusz, kiegyensúlyozott kitartás és tudatos étrend

BIOMARKEREK NAPI RÖGZÍTÉSE
• Vérzés erőssége és ciklusdátumok
• Ébredési alaptesthőmérséklet (BBT) követése
• Szívfrekvencia-variabilitás (HRV) és idegrendszeri regeneráció
• Alvásidő, energiaszint, hangulat és testi tünetek

SZEMÉLYRE SZABOTT ÚTMUTATÁS
• Edzéstervezés a hormonális fázisokhoz igazítva
• Fázisalapú táplálkozás
• Alvásminőség javítása

ORVOSI JELENTÉS ÉS PDF EXPORTÁLÁS
A4 formátumú összefoglaló orvosi konzultációkhoz és nőgyógyászati vizsgálatokhoz.

HAVEN BIZTONSÁGI SZÉF
• Kizárólag helyi adattárolás felhőkiszervezés nélkül
• Biometrikus és PIN-kódos védelem
• Álcázó PIN (Decoy): Semleges időjárási felületet jelenít meg
• Azonnali adattörlés egyetlen érintéssel

JOGI NYILATKOZAT
A Calyx kizárólag életmódbeli és tájékoztatási célokat szolgál, nem minősül orvosi tanácsadásnak vagy fogamzásgátlásnak."
"id","Indonesian","Calyx: Lacak Siklus & Hormon","Pelacakan siklus menstruasi pribadi, biomarker, dan sinkronisasi ritme.","Calyx adalah aplikasi pelacak siklus menstruasi dan ritme sirkadian yang mengutamakan privasi dan penyimpanan data offline di perangkat Anda.

SINKRONISASI EMPAT FASE SIKLUS
• Fase Menstruasi: Istirahat, pembaruan seluler, dan pemulihan energi
• Fase Folikular: Peningkatan estrogen, vitalitas, dan kreativitas
• Puncak Ovulasi: Energi puncak, rasa percaya diri, dan komunikasi lancar
• Fase Luteal: Fokus, daya tahan stabil, dan nutrisi teratur

PENCATATAN BIOMARKER HARIAN
• Intensitas aliran dan tanggal siklus
• Suhu Tubuh Basal (BBT) dan pemantauan lonjakan suhu
• Variabilitas Denyut Jantung (HRV) dan pemulihan saraf
• Durasi tidur, fluktuasi energi, suasana hati, dan gejala fisik

PANDUAN HORMONAL PERSONAL
• Menyesuaikan latihan fisik dengan fase hormonal
• Nutrisi seimbang yang mendukung hormon
• Pola tidur optimal untuk pemulihan tubuh

DETEKTIF GEJALA
Menganalisis hubungan antara kurang tidur, perubahan suhu basal, dan gejala yang dirasakan.

LAPORAN KLINIS & EKSPOR PDF
Buat laporan medis A4 yang rapi untuk konsultasi dengan dokter kandungan.

BRANKAS KEAMANAN HAVEN
• Penyimpanan lokal di perangkat tanpa server cloud
• Kunci biometrik dan PIN keamanan
• PIN Samaran (Decoy): Membuka tampilan cuaca untuk melindungi privasi Anda
• Hapus seluruh data seketika kapan saja

PERNYATAAN KESEHATAN
Calyx ditujukan untuk pelacakan kesehatan pribadi. Aplikasi ini bukan pengganti saran medis atau alat kontrasepsi."
"it","Italian","Calyx: Monitor Ciclo e Ormoni","Tracciamento privato del ciclo mestruale, biomarcatori e ritmo circadiano.","Calyx è un'applicazione per il monitoraggio del ciclo mestruale e dei ritmi circadiani, progettata per garantire la massima privacy e il funzionamento offline.

SINCRONIZZAZIONE DELLE FASI DEL CICLO
Comprendi le quattro fasi naturali del tuo ciclo:
• Fase Mestruale: Riposo, rigenerazione cellulare e recupero metabolico
• Fase Follicolare: Aumento degli estrogeni, energia, creatività e vitalità
• Picco Ovulatorio: Massima energia, lucidità e fiducia
• Fase Luteale: Azione del progesterone, concentrazione e alimentazione mirata

REGISTRAZIONE QUOTIDIANA DEI BIOMARCATORI
• Intensità del flusso e date del ciclo
• Temperatura Basale Corporea (BBT) e tracciamento dell'andamento termico
• Variabilità della Frequenza Cardiaca (HRV) e recupero del sistema nervoso
• Ore di sonno, livelli di energia e oscillazioni dell'umore
• Sintomi fisici e note personali protette

GUIDA ORMONALE PERSONALIZZATA
• Allenamento: Adatta forza e cardio alle diverse fasi ormonali
• Nutrizione di fase: Alimenti ideali per favorire l'equilibrio fisiologico
• Ottimizzazione del sonno: Abitudini sane per un riposo profondo

ANALISI DEI SINTOMI
Individua le correlazioni tra carenza di sonno, variazioni di temperatura e sintomi fisici.

REPORT MEDICO ED ESPORTAZIONE PDF
Prepara le visite con il tuo ginecologo:
• Esporta un report clinico completo in formato A4 PDF
• Visualizza l'andamento della temperatura basale e la regolarità del ciclo

CASSAFORTE HAVEN
La tua privacy è fondamentale:
• Salvataggio esclusivamente locale: Nessun server cloud né tracciatori
• Autenticazione biometrica e codice PIN
• PIN Civetta (Decoy): Mostra una schermata meteo in situazioni di emergenza
• Cancellazione immediata e permanente di tutti i dati

AVVISO MEDICO
Calyx è inteso per la consapevolezza personale e il benessere. Non costituisce consulenza medica né metodo contraccettivo."
"ja","Japanese","Calyx: 生理周期とホルモン管理","プライベートな生理周期トラッキング、基礎体温、バイオマーカー分析。","Calyxは、完全オフライン動作とプライバシー保護を最優先に設計された生理周期および概日リズム管理アプリです。

周期フェーズの同期
4つの自然なホルモンフェーズに合わせて生活リズムを最適化します：
• 月経期：休息、細胞の修復、エネルギーの回復
• 卵胞期：エストロゲン上昇、活力、創造性、スタミナの向上
• 排卵期：エネルギーのピーク、コミュニケーション力、自信
• 黄体期：プロゲステロンの作用、集中力、安定した持久力と栄養管理

日々のバイオマーカー記録
• 経血量および月経日の記録
• 基礎体温（BBT）と高温期の推移トラッキング
• 心拍変動（HRV）と自律神経の回復状態
• 睡眠時間、疲労感、活力の変動
• 気分の変化、身体的症状、暗号化メモ

フェーズ別の個別ガイダンス
• 運動：ホルモン周期に合わせた筋力トレーニングと有酸素運動
• 栄養：代謝バランスを整える食事のアドバイス
• 睡眠：体内時計を整える休息の工夫

症状ディテクティブ
睡眠不足、基礎体温の変動、体調不良の相関関係を分析し、体調管理のヒントを見つけます。

医療レポートとPDF出力
婦人科や専門医の診察に役立つA4サイズの医療サマリーPDFを作成できます。

安全なHAVENセキュリティ保管庫
• 完全ローカル保存：クラウドサーバーへの送信や追跡は一切行いません
• 生体認証とPINコードによるロック
• おとりPIN機能（Decoy Mode）：緊急時に通常のお天気画面を表示してプライバシーを守ります
• いつでも端末内のデータを完全消去可能

免責事項
Calyxは個人の健康管理および意識向上を目的としています。医師の診断、治療、または避妊手段として使用するものではありません。"
"ko","Korean","Calyx: 월경 주기 및 호르몬 분석","비공개 생리 주기 추적, 기초체온 분석 및 생체 지표 동기화.","Calyx는 외부 서버 없이 기기 내에서만 안전하게 동작하는 생리 주기 및 생체 리듬 분석 앱입니다.

주기 단계별 신체 동기화
자연스러운 4가지 호르몬 주기에 맞춰 일상 에너지를 조율하세요:
• 월경 단계: 휴식, 세포 재생 및 신체 회복
• 여포 단계: 에스트로겐 상승, 활력, 창의력 및 지구력 증진
• 배란 단계: 최고의 에너지, 유연한 소통 능력 및 자신감
• 황체 단계: 프로게스테론 작용, 집중력 유지 및 균형 잡힌 영양 섭취

매일의 생체 지표 기록
• 생리량 및 주기 날짜 기록
• 기초체온(BBT) 및 온도 상승 곡선 추적
• 심박변이도(HRV) 및 자율신경계 회복 확인
• 수면 시간, 활력 변화, 기분 및 신체 증상 기록

단계별 맞춤 생활 가이드
• 호르몬 단계에 맞춘 유산소 및 근력 운동 조절
• 호르몬 균형을 돕는 단계별 영양 가이드
• 깊은 수면을 위한 수면 리듬 관리

증상 감지 및 상관관계 분석
수면 부족, 기초체온 변동, 신체 불편감 사이의 연관성을 파악합니다.

의료용 리포트 및 PDF 내보내기
산부인과 또는 전문의 상담을 위한 깔끔한 A4 의무기록 형식의 PDF 리포트를 생성할 수 있습니다.

안전한 HAVEN 보안 보관함
• 완벽한 로컬 저장: 외부 클라우드 저장이나 광고 추적기 차단
• 생체 인증 및 PIN 번호 잠금
• 위장 PIN 기능: 긴급 시 날씨 화면을 띄워 개인 정보를 보호
• 언제든지 모든 데이터를 영구적으로 삭제 가능

건강 관련 안내
Calyx는 개인의 건강 관리와 신체 이해를 돕기 위한 앱입니다. 의학적 진단, 치료 또는 피임의 목적으로 사용될 수 없습니다."
"ms","Malay","Calyx: Penjejak Kitaran Haid","Penjejakan kitaran haid peribadi, penanda bio dan keselamatan setempat.","Calyx ialah aplikasi penjejak kitaran haid dan ritma sirkadian luar talian yang direka untuk melindungi privasi anda sepenuhnya.

PENYELARASAN FASA KITARAN
Ketahui keadaan tubuh anda mengikut empat fasa semula jadi:
• Fasa Haid: Rehat, pemulihan sel dan tenaga
• Fasa Folikel: Peningkatan estrogen, kecergasan dan kreativiti
• Kemuncak Ovulasi: Tenaga maksimum dan keyakinan diri
• Fasa Luteal: Fokus, daya tahan yang stabil dan penjagaan nutrisi

LOG PENANDA BIO HARIAN
• Aliran haid dan tarikh kitaran
• Suhu Badan Basal (BBT) dan pemantauan kenaikan suhu
• Kebolehubahan Kadar Jantung (HRV) dan pemulihan saraf
• Jam tidur, kualiti rehat, perubahan emosi dan simptom fizikal

PANDUAN HORMON KHUSUS
• Latihan sukan mengikut fasa hormon
• Nutrisi seimbang mengikut keperluan badan
• Tabiat tidur yang menyegarkan

LAPORAN KLINIKAL & EKSPORT PDF
Sediakan laporan perubatan A4 yang kemas untuk rujukan doktor anda.

PETI KESELAMATAN HAVEN
• Data disimpan pada peranti anda sahaja tanpa pelayan awan
• Kunci biometrik dan kod PIN
• PIN Umpan (Decoy): Membuka skrin cuaca bagi melindungi privasi anda
• Padam semua rekod dengan serta-merta

PENAFIAN KESIHATAN
Calyx direka untuk kesedaran kesihatan peribadi sahaja. Aplikasi ini bukan nasihat perubatan atau kaedah pencegahan kehamilan."
"nb","Norwegian Bokmål","Calyx: Syklus & Hormonbalanse","Privat syklussporing, biomarkører og døgnrytme med fullt personvern.","Calyx er en offline-fokusert menstruasjons- og døgnrytmesporer skapt for å gi deg innsikt i kroppen med fullstendig personvern.

SYKLUS- OG DØGNRYTMESYNKRONISERING
• Menstruasjonsfase: Hvile, fornyelse og metabolsk restitusjon
• Follikulærfase: Økende østrogen, vitalitet og overskudd
• Eggløsningsfase: Høy energi, utadvendthet og styrke
• Lutealfase: Fokus, stabil utholdenhet og næringsrik mat

DAGLIG LOGGFØRING AV BIOMARKØRER
• Blødningsmengde og syklusdatoer
• Basaltemperatur (BBT) og temperaturkurver
• Hjertefrekvensvariabilitet (HRV) og restitusjon
• Søvnlengde, energinivå, humør og symptomer

TILPASSET VEILEDNING
• Trening tilpasset hormonelle svingninger
• Kostholdsråd for hormonell balanse
• Søvnoptimalisering

KLINISK RAPPORT OG PDF-EKSPORT
Lag en ryddig A4 PDF-rapport til legen eller gynekologen din.

HAVEN SIKKERHETSHVELV
• Kun lokal lagring uten skyservere eller sporere
• Biometrisk lås og PIN-kode
• Avlednings-PIN (Decoy): Viser værmeny for diskresjon
• Umiddelbar sletting av alle data

ANSVARSFRASKRIVELSE
Calyx er laget for personlig velvære og egeninnsikt. Den erstatter ikke medisinsk rådgivning eller prevensjon."
"nl","Dutch","Calyx: Cyclus & Hormoon-Sync","Privé cyclusregistratie, biomarkers en analyse van het circadiaans ritme.","Calyx is een privacygerichte, offline menstruatiecyclus- en bioritme-app die je helpt je lichaam beter te begrijpen.

SYNCHRONISATIE VAN DE CYCLUSFASEN
• Menstruatiefase: Rust, celvernieuwing en herstel
• Folliculaire fase: Stijgend oestrogeen, vitaliteit en creativiteit
• Ovulatiefase: Piekenergie, welbespraaktheid en zelfvertrouwen
• Luteale fase: Focus, uithoudingsvermogen en gerichte voeding

DAGELIJKSE BIOMARKERLOGBOEK
• Bloedingsintensiteit en cyclusdata
• Basale Lichaamstemperatuur (BBT) en temperatuurverschuiving
• Hartslagvariabiliteit (HRV) en herstel van het zenuwstelsel
• Slaapduur, energieniveau, stemming en fysieke symptomen

GEPERSONALISEERDE HORMONALE BEGELEIDING
• Training afgestemd op de hormonale fasen
• Voedingsadviezen ter ondersteuning van je stofwisseling
• Optimalisatie van je nachtrust

KLINISCH RAPPORT EN PDF-EXPORT
Genereer een overzichtelijk medisch rapport op A4-formaat voor je arts of gynaecoloog.

HAVEN VEILIGHEIDSKLUIS
• Alleen lokale opslag zonder cloudservers
• Biometrische beveiliging en pincode
• Lokvogel-PIN (Decoy Mode): Toont een weeroverzicht om je privacy te beschermen
• Directe en permanente verwijdering van alle gegevens

DISCLAIMER
Calyx is bedoeld voor persoonlijk welzijn en bewustwording. Het is geen medisch hulpmiddel of anticonceptiemiddel."
"pl","Polish","Calyx: Cykl i Zdrowie Hormonal","Prywatne śledzenie cyklu menstruacyjnego, biomarkerów i rytmu dobowego.","Calyx to działająca offline aplikacja do śledzenia cyklu menstruacyjnego i rytmu okołodobowego, stworzona z myślą o pełnej ochronie prywatności.

SYNCHRONIZACJA FAZ CYKLU
• Faza menstruacyjna: Odpoczynek, odnowa komórkowa i regeneracja
• Faza pęcherzykowa: Wzrost estrogenów, energia, kreatywność i witalność
• Szczyt owulacyjny: Maksimum energii, pewność siebie i jasność myśli
• Faza lutealna: Działanie progesteronu, skupienie i zrównoważona dieta

CODZIENNE REJESTROWANIE BIOMARKERÓW
• Obfitość krwawienia i daty cyklu
• Podstawowa temperatura ciała (BBT) i analiza skoku termicznego
• Zmienność rytmu zatokowego (HRV) i regeneracja układu nerwowego
• Długość snu, wahania nastroju i energii oraz objawy fizyczne

SPERSONALIZOWANE WSKAZÓWKI
• Trening dopasowany do fazy hormonalnej
• Odżywianie wspierające równowagę metaboliczną
• Zdrowe nawyki snu

RAPORT DLA LEKARZA I EKSPORT PDF
Przygotuj uporządkowane podsumowanie A4 PDF na wizytę u ginekologa lub endokrynologa.

SEJF BEZPIECZEŃSTWA HAVEN
• Wyłącznie lokalny zapis na urządzeniu – brak serwerów w chmurze
• Blokada biometryczna oraz kod PIN
• PIN kamuflażowy (Decoy): Wyświetla neutralny ekran pogody dla ochrony prywatności
• Natychmiastowe usunięcie wszystkich danych jednym dotknięciem

ZASTRZEŻENIE ZDROWOTNE
Calyx służy celom edukacyjnym i poprawie dobrostanu. Nie stanowi porady lekarskiej ani metody antykoncepcji."
"pt-BR","Portuguese (Brazil)","Calyx: Ciclo e Saúde Hormonal","Monitoramento privado do ciclo menstrual, biomarcadores e ritmo circadiano.","Calyx é um assistente de ciclo menstrual e ritmo circadiano focado em privacidade absoluta e funcionamento offline.

SINCRONIZAÇÃO DAS FASES DO CICLO
Acompanhe seu corpo ao longo das quatro fases naturais:
• Fase Menstrual: Descanso, renovação celular e recuperação metabólica
• Fase Folicular: Elevação de estrogênio, vitalidade, criatividade e disposição
• Pico Ovulatório: Energia máxima, comunicação fluida e confiança
• Fase Lútea: Progesterona, foco, resistência constante e nutrição consciente

REGISTRO DIÁRIO DE BIOMARCADORES
• Intensidade do fluxo e datas do ciclo
• Temperatura Basal Corporal (TBC) e acompanhamento do salto térmico
• Variabilidade da Frequência Cardíaca (VFC) e recuperação do sistema nervoso
• Horas de sono, níveis de energia, variações de humor e sintomas físicos

ORIENTAÇÃO HORMONAL PERSONALIZADA
• Treinos adaptados a cada fase hormonal
• Nutrição equilibrada para apoiar o metabolismo
• Hábitos para um sono mais profundo

DETETIVE DE SINTOMAS
Identifique correlações entre privação de sono, alterações de temperatura e desconfortos.

RELATÓRIO CLÍNICO E EXPORTAÇÃO EM PDF
Gere resumos médicos completos em formato A4 para consultas com ginecologistas.

COFRE DE SEGURANÇA HAVEN
• Armazenamento 100% local no aparelho sem servidores em nuvem
• Proteção biométrica e senha PIN
• PIN de Disfarce (Decoy): Exibe uma tela de clima autêntica em momentos de pressão
• Exclusão imediata e permanente de todos os registros

AVISO LEGAL
O Calyx destina-se ao bem-estar e autoconhecimento. Não substitui orientação médica nem atua como método contraceptivo."
"ro","Romanian","Calyx: Monitorizare Ciclu","Monitorizare privată a ciclului menstrual, biomarkeri și ritm circadian.","Calyx este un ghid offline dedicat ciclului menstrual și ritmului circadian, creat pentru a vă proteja confidențialitatea.

SINCRONIZAREA FAZELOR CICLULUI
• Faza menstruală: Odihnă, reînnoire celulară și refacere
• Faza foliculară: Creșterea estrogenului, vitalitate și creativitate
• Vârful ovulator: Energie maximă, încredere și claritate
• Faza luteală: Concentrare, rezistență constantă și nutriție adecvată

ÎNREGISTRAREA ZILNICĂ A BIOMARKERILOR
• Fluxul menstrual și datele ciclului
• Temperatura bazală a corpului (BBT)
• Variabilitatea ritmului cardiac (HRV)
• Durata somnului, energia, starea de spirit și simptomele fizice

RECOMANDĂRI PERSONALIZATE
• Exerciții fizice corelate cu fazele hormonale
• Alimentație pentru echilibru metabolic
• Îmbunătățirea odihnei

RAPORT CLINIC ȘI EXPORT PDF
Generați un raport medical A4 detaliat pentru vizita la medicul ginecolog.

SEIF DE SECURITATE HAVEN
• Stocare exclusiv locală pe telefonul dumneavoastră
• Protecție biometrică și cod PIN
• PIN momeală (Decoy): Deschide un ecran meteo neutru
• Ștergere completă și imediată a datelor

AVIZ MEDICAL
Calyx este destinat bunăstării personale și nu constituie sfat medical sau metodă contraceptivă."
"ru","Russian","Calyx: Трекер цикла и ритма","Приватный трекер менструального цикла, базальной температуры и симптомов.","Calyx — это автономный трекер менструального цикла и циркадных ритмов, созданный с приоритетом конфиденциальности и локального хранения данных.

СИНХРОНИЗАЦИЯ С ФАЗАМИ ЦИКЛА
• Менструальная фаза: Отдых, клеточное обновление и восстановление
• Фолликулярная фаза: Рост эстрогена, прилив сил, творчество и выносливость
• Овуляторный пик: Максимум энергии, уверенность и ясность общения
• Лютеиновая фаза: Влияние прогестерона, концентрация и сбалансированное питание

ЕЖЕДНЕВНЫЙ ДНЕВНИК БИОМАРКЕРОВ
• Интенсивность выделений и даты менструации
• Базальная температура тела (БТТ) и отслеживание теплового скачка
• Вариабельность сердечного ритма (ВСР) и восстановление нервной системы
• Продолжительность сна, колебания энергии, настроение и симптомы

ПЕРСОНАЛЬНЫЕ РЕКОМЕНДАЦИИ
• Тренировки, согласованные с гормональным фоном
• Питание по фазам для поддержки метаболизма
• Привычки для глубокого и качественного сна

АНАЛИЗАТОР СИМПТОМОВ
Находите взаимосвязи между недосыпанием, температурными колебаниями и самочувствием.

КЛИНИЧЕСКИЙ ОТЧЕТ И ЭКСПОРТ В PDF
Подготовьте наглядный отчет в формате А4 для гинеколога или эндокринолога.

СЕЙФ БЕЗОПАСНОСТИ HAVEN
• Хранение только на устройстве без облачных серверов
• Защита биометрией и PIN-кодом
• Ложный PIN-код (Decoy): В экстренной ситуации открывает экран погоды
• Моментальное и безвозвратное удаление всех записей

МЕДИЦИНСКАЯ ОГОВОРКА
Calyx предназначен для личного контроля самочувствия и не является медицинской рекомендацией или методом контрацепции."
"sv","Swedish","Calyx: Cykel & Hormonhälsa","Privat cykelspårning, biomarkörer och dygnsrytm med full integritet.","Calyx är en offline- och integritetsfokuserad cykel- och dygnsrytmspårare utformad för att hjälpa dig att förstå kroppens naturliga rytmer.

CYKEL- OCH DYGNSRYTMSSYNKRONISERING
• Menstruationsfas: Vila, återhämtning och metaboliskt lugn
• Follikelfas: Stigande östrogen, energi och kreativitet
• Ägglossningsfas: Maximal energi, självförtroende och fokus
• Lutealfas: Uthållighet, stabilitet och näringsrik kost

DAGLIG LOGG AV BIOMARKÖRER
• Blödningsmängd och cykeldagar
• Basaltemperatur (BBT) och temperaturökning
• Hjärtfrekvensvariabilitet (HRV) och återhämtning
• Sömn, energinivå, humör och fysiska symtom

PERSONLIGA RÅD
• Träning anpassad efter hormonella faser
• Kostråd som stödjer hormonbalansen
• Sömnoptimering

LÄKARRAPPORT OCH PDF-EXPORT
Skapa en sammanställning i A4 PDF-format inför läkar- eller gynekologbesök.

HAVEN SÄKERHETSHVALV
• Endast lokal lagring på din enhet
• Biometriskt lås och PIN-kod
• Falsk PIN (Decoy Mode): Visar ett vädergränssnitt för att skydda dina uppgifter
• Omedelbar radering av alla data

FRISKRIVNING
Calyx är avsedd för personlig hälsa och livsstil. Den ersätter inte medicinsk rådgivning eller preventivmedel."
"th","Thai","Calyx: รอบเดือนและฮอร์โมน","บันทึกรอบเดือนส่วนตัว วิเคราะห์อุณหภูมิร่างกายและไบโออาร์กเกอร์","Calyx คือแอปติดตามรอบเดือนและจังหวะชีวภาพที่ทำงานแบบออฟไลน์ ออกแบบมาเพื่อปกป้องความเป็นส่วนตัวของคุณสูงสุด

การซิงค์ระยะของรอบเดือน
• ระยะมีประจำเดือน: การพักผ่อน ฟื้นฟูเซลล์ร่างกาย
• ระยะฟอลลิคูลาร์: ฮอร์โมนเอสโตรเจนเพิ่มขึ้น พลังงานและความคิดสร้างสรรค์
• ระยะตกไข่: พลังงานสูงสุด ความมั่นใจและการสื่อสาร
• ระยะลูเทียล: การรักษาสมาธิ ความอดทน และโภชนาการที่เหมาะสม

บันทึกสัญญาณชีวภาพประจำวัน
• ปริมาณประจำเดือนและวันที่รอบเดือน
• อุณหภูมิร่างกายขณะพัก (BBT) และการเปลี่ยนแปลงความร้อน
• ความแปรปรวนของอัตราการเต้นของหัวใจ (HRV)
• ชั่วโมงการนอนหลับ ระดับพลังงาน อารมณ์ และอาการทางกายภาพ

คำแนะนำที่ปรับให้เหมาะกับคุณ
• การออกกำลังกายที่สอดคล้องกับฮอร์โมน
• โภชนาการตามระยะเพื่อสมดุลร่างกาย
• การนอนหลับที่มีคุณภาพ

รายงานทางการแพทย์และการส่งออก PDF
สร้างเอกสารสรุปทางการแพทย์ขนาด A4 เพื่อปรึกษาแพทย์เฉพาะทาง

ระบบความปลอดภัย HAVEN
• จัดเก็บข้อมูลในเครื่องเท่านั้น ปราศจากคลาวด์
• ล็อกด้วยข้อมูลไบโอเมตริกและรหัส PIN
• รหัส PIN สำรอง (Decoy): เปิดหน้าสภาพอากาศเพื่อความปลอดภัย
• ลบข้อมูลทั้งหมดได้อย่างรวดเร็ว

ข้อจำกัดความรับผิดชอบ
Calyx มีไว้เพื่อการดูแลสุขภาพส่วนบุคคล ไม่ใช่คำแนะนำทางการแพทย์หรือวิธีการคุมกำเนิด"
"tr","Turkish","Calyx: Döngü ve Hormon Takibi","Gizli adet döngüsü takibi, biyobelirteç analizi ve sirkadiyen senkronizasyon.","Calyx, vücudunuzun doğal ritimlerini anlamanıza yardımcı olmak için tamamen çevrimdışı ve gizlilik odaklı tasarlanmış bir adet döngüsü takipçisidir.

DÖNGÜ EVRELERİYLE SENKRONİZASYON
• Menstrüel Evre: Dinlenme, hücresel yenilenme ve metabolik toparlanma
• Foliküler Evre: Yükselen östrojen, canlılık, yaratıcılık ve dayanıklılık
• Yumurtlama Zirvesi: Maksimum enerji, özgüven ve akıcı iletişim
• Luteal Evre: Progesteron odaklılık, dengeli dayanıklılık ve beslenme

GÜNLÜK BİYOBELİRTEÇ KAYDI
• Akıntı yoğunluğu ve döngü tarihleri
• Bazal Vücut Sıcaklığı (BBT) ve termal artış takibi
• Kalp Atış Hızı Değişkenliği (HRV) ve sinir sistemi toparlanması
• Uyku süresi, enerji dalgalanmaları, ruh hali ve fiziksel belirtiler

KİŞİSELLEŞTİRİLMİŞ REHBERLİK
• Hormonal evrelere uygun egzersiz planı
• Metabolizmayı destekleyen dönemsel beslenme
• Derin dinlenme için uyku düzeni

KLİNİK RAPOR VE PDF DIŞA AKTARMA
Jinekoloğunuzla görüşmeleriniz için A4 formatında tıbbi özet PDF raporları hazırlayın.

HAVEN GÜVENLİK KASASI
• Sadece cihazda yerel depolama; bulut sunucuları veya reklam takipçileri yoktur
• Biyometrik kilit ve PIN koruması
• Sahte PIN Protokolü (Decoy): Baskı anında hava durumu ekranı gösterir
• Tek dokunuşla tüm verileri kalıcı olarak silme imkanı

SAĞLIK UYARISI
Calyx yalnızca kişisel sağlık farkındalığı içindir. Tıbbi tavsiye, teşhis veya doğum kontrol yöntemi yerine geçmez."
"uk","Ukrainian","Calyx: Трекер циклу й ритму","Приватний трекер менструального циклу, базальної температури та симптомів.","Calyx — це автономний додаток для відстеження менструального циклу та циркадних ритмів, розроблений для максимального захисту ваших персональних даних.

СИНХРОНІЗАЦІЯ З ФАЗАМИ ЦИКЛУ
• Менструальна фаза: Відпочинок, клітинне відновлення та відновлення сил
• Фолікулярна фаза: Підвищення естрогену, життєва сила, креативність
• Овуляторний пік: Максимальна енергія, впевненість та відкритість
• Лютеїнова фаза: Зосередженість, стабільна витривалість і збалансоване харчування

ЩОДЕННИЙ ЖУРНАЛ БІОМАРКЕРІВ
• Обсяг виділень та дати менструації
• Базальна температура тіла (БТТ) та графіки стрибка температури
• Варіабельність серцевого ритму (ВСР)
• Тривалість сну, коливання енергії, настрій та фізичні симптоми

ПЕРСОНАЛЬНІ ПОРАДИ
• Тренування відповідно до гормональної фази
• Харчування для метаболічного балансу
• Покращення сну

КЛІНІЧНИЙ ЗВІТ ТА ЕКСПОРТ У PDF
Підготуйте зручний звіт формату А4 для прийому у гінеколога.

СЕЙФ БЕЗПЕКИ HAVEN
• Зберігання виключно на вашому пристрої без хмарних серверів
• Біометричний захист та PIN-код
• Маскувальний PIN (Decoy): Показує екран погоди у разі потреби
• Миттєве видалення всіх даних

МЕДИЧНЕ ЗАСТЕРЕЖЕННЯ
Calyx призначений лише для особистого контролю здоров'я. Не є медичною порадою чи засобом контрацепції."
"vi","Vietnamese","Calyx: Theo dõi chu kỳ kinh","Theo dõi chu kỳ kinh nguyệt riêng tư, chỉ số sinh học và nhiệt độ cơ sở.","Calyx là ứng dụng theo dõi chu kỳ kinh nguyệt và nhịp sinh học ngoại tuyến, đặt quyền riêng tư của bạn lên hàng đầu.

ĐỒNG BỘ 4 GIAI ĐOẠN CHU KỲ
• Giai đoạn kinh nguyệt: Nghỉ ngơi, tái tạo tế bào và phục hồi thể lực
• Giai đoạn nang trứng: Estrogen tăng, năng động, sáng tạo và bền bỉ
• Đỉnh rụng trứng: Năng lượng đỉnh cao, tự tin và giao tiếp lưu loát
• Giai đoạn hoàng thể: Tập trung, sức bền ổn định và dinh dưỡng chu đáo

GHI NHẬN CHỈ SỐ SINH HỌC HÀNG NGÀY
• Lượng kinh và các ngày chu kỳ
• Nhiệt độ cơ thể cơ sở (BBT) và theo dõi thay đổi nhiệt độ
• Biến thiên nhịp tim (HRV) và khả năng phục hồi thần kinh
• Giờ ngủ, mức năng lượng, tâm trạng và các triệu chứng thể chất

HƯỚNG DẪN NỘI TIẾT TỰ NHIÊN
• Luyện tập thể thao đồng bộ với chu kỳ hormone
• Dinh dưỡng theo giai đoạn giúp cân bằng trao đổi chất
• Thói quen ngủ sâu và hồi phục

BÁO CÁO Y KHOA VÀ XUẤT FILE PDF
Tạo bản tóm tắt y tế định dạng A4 chuẩn mực cho các lần thăm khám bác sĩ phụ khoa.

KÉT AN TOÀN HAVEN
• Dữ liệu lưu trữ cục bộ trên máy, hoàn toàn không qua máy chủ đám mây
• Bảo mật bằng sinh trắc học và mã PIN
• Mã PIN ngụy trang (Decoy): Mở giao diện thời tiết để bảo vệ quyền riêng tư
• Xóa sạch toàn bộ dữ liệu tức thì bất cứ lúc nào

LƯU Ý SỨC KHỎE
Calyx được thiết kế cho mục đích theo dõi sức khỏe và lối sống cá nhân. Ứng dụng không thay thế chẩn đoán y khoa hay biện pháp tránh thai."
"zh-CN","Chinese (Simplified)","Calyx: 经期与荷尔蒙周期追踪","私密经期追踪、基础体温分析、生物标志物洞察与昼夜节律同步。","Calyx 是一款以隐私为核心、完全本地离线运行的经期与昼夜节律管理助手，旨在帮助您深入了解身体节奏并优化身心活力。

四大生理阶段同步
顺应人体自然的激素周期波动：
• 月经期：休养身心、细胞更新与代谢恢复
• 卵泡期：雌激素上升、精力充沛、激发创意与耐力
• 排卵高峰：活力充沛、沟通表达流畅与自信提升
• 黄体期：孕酮发挥作用、注重专注力、稳定耐力与均衡营养

日常生物标志物记录
随时记录身体发出的关键信号：
• 经血量与经期日期
• 基础体温（BBT）及双相升温曲线追踪
• 心率变异性（HRV）与自律神经恢复评估
• 睡眠时长、休息质量、能量波动与情绪起伏
• 身体症状与端到端本地加密隐私备忘

阶段专属生活建议
• 运动调控：根据激素阶段调整力量训练与有氧运动
• 阶段营养：补充对应生理阶段的优质营养膳食
• 睡眠优化：顺应生物钟习惯深化修复睡眠

症状洞察分析
跨周期挖掘睡眠缺失、体温波动与身体不适感之间的潜在关联。

临床报告与 PDF 导出
为妇科或内分泌医生问诊生成规范的 A4 医疗摘要 PDF。

HAVEN 隐私保险库
• 纯本地存储：绝无云端服务器、无数据中介、无广告追踪
• 生物识别与 PIN 密码锁
• 伪装 PIN（Decoy Mode）：紧急情况下解锁标准天气界面以保护隐私
• 一键永久擦除所有本地数据

健康声明
Calyx 仅用于个人健康认知与生活方式记录，不构成医疗诊断建议或避孕手段。"
"zh-TW","Chinese (Traditional)","Calyx: 經期與荷爾蒙週期追蹤","私密經期追蹤、基礎體溫分析、生物標誌洞察與晝夜節律同步。","Calyx 是一款注重隱私、全離線運行的經期與晝夜節律追蹤工具，助您理解身體信號並調和日常活力。

四大生理階段同步
順應人體自然的荷爾蒙週期轉變：
• 月經期：休養生息、細胞修復與代謝恢復
• 濾泡期：雌激素上升、精力充沛、提升創造力與耐力
• 排卵高峰：活力頂點、溝通順暢與自信展現
• 黃體期：黃體素作用、保持專注、穩定持久與調和營養

每日生物標誌記錄
快速記錄身體的核心健康信號：
• 經血量與生理期日期
• 基礎體溫（BBT）與雙相體溫上升曲線
• 心率變異度（HRV）與神經系統復原狀況
• 睡眠時間、能量起伏、情緒轉變與身體症狀

個別化荷爾蒙生活指引
• 運動規劃：配合荷爾蒙階段調整重訓與有氧訓練
• 週期營養：提供支援代謝平衡的飲食建議
• 睡眠優化：培養深化身心放鬆的規律作息

症狀關聯分析
交叉分析睡眠不足、基礎體溫變化與身心不適之間的潛在關聯。

臨床報告與 PDF 匯出
為婦科或內分泌專科門診產出清晰的 A4 醫療級摘要 PDF。

HAVEN 安全保險庫
• 僅限本機儲存：絕無雲端伺服器與廣告追蹤器
• 生物辨識與 PIN 密碼保護
• 偽裝 PIN（Decoy）：緊急狀態下顯示天氣介面保護隱私
• 一鍵隨時永久清除所有資料

健康聲明
Calyx 僅供個人健康追蹤與認知參考，不具醫療診斷效力，亦不可作為避孕方式。"
